1,Bulbasaur,Fushigidaneフシギダネ,1,0,449
2,Ivysaur,Fushigisouフシギソウ,1,0,449
3,Venusaur,Fushigibanaフシギバナ,1,0,449
4,Charmander,Hitokageヒトカゲ,1,0,299
5,Charmeleon,Lizardoリザード,1,0,187
6,Charizard,Lizardonリザードン,1,0,187
7,Squirtle,Zenigameゼニガメ,1,0,531
8,Wartortle,Kameilカメール,1,0,546
9,Blastoise,Kamexカメックス,1,0,457
10,Caterpie,Caterpieキャタピー,1,0,585
11,Metapod,Transelトランセル,1,0,104
12,Butterfree,Butterfreeバタフリー,1,0,76
13,Weedle,Beedleビードル,1,0,225
14,Kakuna,Cocoonコクーン,1,0,104
15,Beedrill,Spearスピアー,1,0,380
16,Pidgey,Poppoポッポ,1,0,525
17,Pidgeotto,Pigeonピジョン,1,0,45
18,Pidgeot,Pigeotピジョット,1,0,45
19,Rattata,Korattaコラッタ,1,0,341
20,Raticate,Rattaラッタ,1,0,341
21,Spearow,Onisuzumeオニスズメ,1,0,525
22,Fearow,Onidrillオニドリル,1,0,33
23,Ekans,Arboアーボ,1,0,470
24,Arbok,Arbokアーボック,1,0,102
25,Pikachu,Pikachuピカチュウ,1,0,341
26,Raichu,Raichuライチュウ,1,0,341
27,Sandshrew,Sandサンド,1,0,341
28,Sandslash,Sandpanサンドパン,1,0,341
29,Nidoran♀,Nidoran?ニドラン♀,1,0,383
30,Nidorina,Nidorinaニドリーナ,1,0,383
31,Nidoqueen,Nidoqueenニドクイン,1,0,151
32,Nidoran♂,Nidoran?ニドラン♂,1,0,383
33,Nidorino,Nidorinoニドリーノ,1,0,383
34,Nidoking,Nidokingニドキング,1,0,151
35,Clefairy,Pippiピッピ,1,0,173
36,Clefable,Pixyピクシー,1,0,173
37,Vulpix,Rokonロコン,1,0,199
38,Ninetales,Kyukonキュウコン,1,0,199
39,Jigglypuff,Purinプリン,1,0,27
40,Wigglytuff,Pukurinプクリン,1,0,27
41,Zubat,Zubatズバット,1,0,31
42,Golbat,Golbatゴルバット,1,0,31
43,Oddish,Nazonokusaナゾノクサ,1,0,565
44,Gloom,Kusaihanaクサイハナ,1,0,565
45,Vileplume,Ruffresiaラフレシア,1,0,191
46,Paras,Parasパラス,1,0,345
47,Parasect,Parasectパラセクト,1,0,345
48,Venonat,Kongpangコンパン,1,0,252
49,Venomoth,Morphonモルフォン,1,0,382
50,Diglett,Digdaディグダ,1,0,336
51,Dugtrio,Dugtrioダグトリオ,1,0,336
52,Meowth,Nyarthニャース,1,0,434
53,Persian,Persianペルシアン,1,0,98
54,Psyduck,Koduckコダック,1,0,153
55,Golduck,Golduckゴルダック,1,0,153
56,Mankey,Mankeyマンキー,1,0,369
57,Primeape,Okorizaruオコリザル,1,0,369
58,Growlithe,Gardieガーディ,1,0,399
59,Arcanine,Windieウインディ,1,0,289
60,Poliwag,Nyoromoニョロモ,1,0,512
61,Poliwhirl,Nyorozoニョロゾ,1,0,512
62,Poliwrath,Nyorobonニョロボン,1,0,512
63,Abra,Caseyケーシィ,1,0,395
64,Kadabra,Yungererユンゲラー,1,0,395
65,Alakazam,Foodinフーディン,1,0,395
66,Machop,Wanrikyワンリキー,1,0,504
67,Machoke,Gorikyゴーリキー,1,0,504
68,Machamp,Kairikyカイリキー,1,0,504
69,Bellsprout,Madatsubomiマダツボミ,1,0,191
70,Weepinbell,Utsudonウツドン,1,0,193
71,Victreebel,Utsubotウツボット,1,0,193
72,Tentacool,Menokurageメノクラゲ,1,0,264
73,Tentacruel,Dokukurageドククラゲ,1,0,264
74,Geodude,Isitsubuteイシツブテ,1,0,412
75,Graveler,Goloneゴローン,1,0,412
76,Golem,Golonyaゴローニャ,1,0,325
77,Ponyta,Ponytaポニータ,1,0,178
78,Rapidash,Gallopギャロップ,1,0,178
79,Slowpoke,Yadonヤドン,1,0,146
80,Slowbro,Yadoranヤドラン,1,0,235
81,Magnemite,Coilコイル,1,0,316
82,Magneton,Rarecoilレアコイル,1,0,316
83,Farfetch'd,Kamonegiカモネギ,1,0,571
84,Doduo,Dodoドードー,1,0,548
85,Dodrio,Dodorioドードリオ,1,0,543
86,Seel,Pawouパウワウ,1,0,442
87,Dewgong,Jugonジュゴン,1,0,442
88,Grimer,Betbeterベトベター,1,0,467
89,Muk,Betbetonベトベトン,1,0,467
90,Shellder,Shellderシェルダー,1,0,47
91,Cloyster,Parshenパルシェン,1,0,47
92,Gastly,Ghosゴース,1,0,208
93,Haunter,Ghostゴースト,1,0,208
94,Gengar,Gangarゲンガー,1,0,451
95,Onix,Iwarkイワーク,1,0,414
96,Drowzee,Sleepeスリープ,1,0,244
97,Hypno,Sleeperスリーパー,1,0,244
98,Krabby,Crabクラブ,1,0,408
99,Kingler,Kinglerキングラー,1,0,371
100,Voltorb,Biriridamaビリリダマ,1,0,24
101,Electrode,Marumineマルマイン,1,0,24
102,Exeggcute,Tamatamaタマタマ,1,0,155
103,Exeggutor,Nassyナッシー,1,0,103
104,Cubone,Karakaraカラカラ,1,0,301
105,Marowak,Garagaraガラガラ,1,0,58
106,Hitmonlee,Sawamularサワムラー,1,0,273
107,Hitmonchan,Ebiwalarエビワラー,1,0,397
108,Lickitung,Beroringaベロリンガ,1,0,290
109,Koffing,Dogarsドガース,1,0,381
110,Weezing,Matadogasマタドガス,1,0,381
111,Rhyhorn,Sihornサイホーン,1,0,481
112,Rhydon,Sidonサイドン,1,0,151
113,Chansey,Luckyラッキー,1,0,155
114,Tangela,Monjaraモンジャラ,1,0,556
115,Kangaskhan,Garuraガルーラ,1,0,365
116,Horsea,Tattuタッツー,1,0,148
117,Seadra,Seadraシードラ,1,0,148
118,Goldeen,Tosakintoトサキント,1,0,216
119,Seaking,Azumaoアズマオウ,1,0,216
120,Staryu,Hitodemanヒトデマン,1,0,494
121,Starmie,Starmieスターミー,1,0,347
122,Mr. Mime,Barrierdバリヤード,1,0,29
123,Scyther,Strikeストライク,1,0,318
124,Jynx,Rougelaルージュラ,1,0,242
125,Electabuzz,Elebooエレブー,1,0,160
126,Magmar,Booberブーバー,1,0,486
127,Pinsir,Kailiosカイロス,1,0,490
128,Tauros,Kentaurosケンタロス,1,0,570
129,Magikarp,Koikingコイキング,1,0,183
130,Gyarados,Gyaradosギャラドス,1,0,16
131,Lapras,Laplaceラプラス,1,0,538
132,Ditto,Metamonメタモン,1,0,537
133,Eevee,Eievuiイーブイ,1,0,170
134,Vaporeon,Showersシャワーズ,1,0,71
135,Jolteon,Thundersサンダース,1,0,293
136,Flareon,Boosterブースター,1,0,187
137,Porygon,Porygonポリゴン,1,0,557
138,Omanyte,Omniteオムナイト,1,0,484
139,Omastar,Omstarオムスター,1,0,484
140,Kabuto,Kabutoカブト,1,0,457
141,Kabutops,Kabutopsカブトプス,1,0,457
142,Aerodactyl,Pteraプテラ,1,0,198
143,Snorlax,Kabigonカビゴン,1,0,466
144,Articuno,Freezerフリーザー,1,1,201
145,Zapdos,Thunderサンダー,1,1,160
146,Moltres,Fireファイヤー,1,1,187
147,Dratini,Miniryuミニリュウ,1,0,148
148,Dragonair,Hakuryuハクリュー,1,0,148
149,Dragonite,Kairyuカイリュー,1,0,148
150,Mewtwo,Mewtwoミュウツー,1,1,211
151,Mew,Mewミュウ,1,1,351
152,Chikorita,Chicoritaチコリータ,2,0,287
153,Bayleef,Bayleafベイリーフ,2,0,287
154,Meganium,Meganiumメガニウム,2,0,234
155,Cyndaquil,Hinoarashiヒノアラシ,2,0,179
156,Quilava,Magmarashiマグマラシ,2,0,558
157,Typhlosion,Bakphoonバクフーン,2,0,558
158,Totodile,Waninokoワニノコ,2,0,42
159,Croconaw,Alligatesアリゲイツ,2,0,42
160,Feraligatr,Ordileオーダイル,2,0,42
161,Sentret,Otachiオタチ,2,0,433
162,Furret,Ootachiオオタチ,2,0,302
163,Hoothoot,Hohoホーホー,2,0,361
164,Noctowl,Yorunozukuヨルノズク,2,0,361
165,Ledyba,Redibaレディバ,2,0,184
166,Ledian,Redianレディアン,2,0,184
167,Spinarak,Itomaruイトマル,2,0,498
168,Ariados,Ariadosアリアドス,2,0,303
169,Crobat,Crobatクロバット,2,0,31
170,Chinchou,Chonchieチョンチー,2,0,4
171,Lanturn,Lanternランターン,2,0,292
172,Pichu,Pichuピチュー,2,0,527
173,Cleffa,Pyピィ,2,0,492
174,Igglybuff,Pupurinププリン,2,0,27
175,Togepi,Togepyトゲピー,2,0,480
176,Togetic,Togechickトゲチック,2,0,227
177,Natu,Natyネイティ,2,0,297
178,Xatu,Natioネイティオ,2,0,348
179,Mareep,Merriepメリープ,2,0,583
180,Flaaffy,Mokokoモココ,2,0,583
181,Ampharos,Denryuデンリュウ,2,0,292
182,Bellossom,Kireihanaキレイハナ,2,0,191
183,Marill,Marilマリル,2,0,8
184,Azumarill,Marilliマリルリ,2,0,9
185,Sudowoodo,Usokkieウソッキー,2,0,251
186,Politoed,Nyorotonoニョロトノ,2,0,204
187,Hoppip,Haneccoハネッコ,2,0,118
188,Skiploom,Popoccoポポッコ,2,0,118
189,Jumpluff,Wataccoワタッコ,2,0,118
190,Aipom,Eipamエイパム,2,0,306
191,Sunkern,Himanutsヒマナッツ,2,0,449
192,Sunflora,Kimawariキマワリ,2,0,502
193,Yanma,Yanyanmaヤンヤンマ,2,0,100
194,Wooper,Upahウパー,2,0,561
195,Quagsire,Nuohヌオー,2,0,561
196,Espeon,Eifieエーフィ,2,0,502
197,Umbreon,Blackyブラッキー,2,0,338
198,Murkrow,Yamikarasuヤミカラス,2,0,128
199,Slowking,Yadokingヤドキング,2,0,418
200,Misdreavus,Mumaムウマ,2,0,435
201,Unown,Unknownアンノーン,2,0,510
202,Wobbuffet,Sonansソーナンス,2,0,366
203,Girafarig,Kirinrikiキリンリキ,2,0,304
204,Pineco,Kunugidamaクヌギダマ,2,0,23
205,Forretress,Foretosフォレトス,2,0,23
206,Dunsparce,Nokocchiノコッチ,2,0,280
207,Gligar,Gligerグライガー,2,0,194
208,Steelix,Haganeilハガネール,2,0,262
209,Snubbull,Buluブルー,2,0,173
210,Granbull,Granbuluグランブル,2,0,173
211,Qwilfish,Harysenハリーセン,2,0,27
212,Scizor,Hassamハッサム,2,0,371
213,Shuckle,Tsubotsuboツボツボ,2,0,335
214,Heracross,Heracrosヘラクロス,2,0,461
215,Sneasel,Nyulaニューラ,2,0,453
216,Teddiursa,Himegumaヒメグマ,2,0,296
217,Ursaring,Ringumaリングマ,2,0,236
218,Slugma,Magmagマグマッグ,2,0,285
219,Magcargo,Magcargotマグカルゴ,2,0,285
220,Swinub,Urimooウリムー,2,0,370
221,Piloswine,Inomooイノムー,2,0,506
222,Corsola,Sunnygoサニーゴ,2,0,114
223,Remoraid,Teppouoテッポウオ,2,0,265
224,Octillery,Okutankオクタン,2,0,265
225,Delibird,Delibirdデリバード,2,0,133
226,Mantine,Mantainマンタイン,2,0,275
227,Skarmory,Airmdエアームド,2,0,11
228,Houndour,Delvilデルビル,2,0,127
229,Houndoom,Hellgarヘルガー,2,0,127
230,Kingdra,Kingdraキングドラ,2,0,148
231,Phanpy,Gomazouゴマゾウ,2,0,305
232,Donphan,Donfanドンファン,2,0,12
233,Porygon2,Porygon2ポリゴン２,2,0,557
234,Stantler,Odoshishiオドシシ,2,0,41
235,Smeargle,Dobleドーブル,2,0,362
236,Tyrogue,Balkieバルキー,2,0,436
237,Hitmontop,Kapoererカポエラー,2,0,226
238,Smoochum,Muchulムチュール,2,0,274
239,Elekid,Elekidエレキッド,2,0,160
240,Magby,Bubyブビィ,2,0,298
241,Miltank,Miltankミルタンク,2,0,330
242,Blissey,Happinasハピナス,2,0,227
243,Raikou,Raikouライコウ,2,1,520
244,Entei,Enteiエンテイ,2,1,558
245,Suicune,Suicuneスイクン,2,1,19
246,Larvitar,Yogirasヨーギラス,2,0,413
247,Pupitar,Sanagirasサナギラス,2,0,229
248,Tyranitar,Bangirasバンギラス,2,0,12
249,Lugia,Lugiaルギア,2,1,144
250,Ho-Oh,Hououホウオウ,2,1,401
251,Celebi,Celebiセレビィ,2,1,523
252,Treecko,Kimoriキモリ,3,0,581
253,Grovyle,Juptileジュプトル,3,0,581
254,Sceptile,Jukainジュカイン,3,0,196
255,Torchic,Achamoアチャモ,3,0,92
256,Combusken,Wakasyamoワカシャモ,3,0,587
257,Blaziken,Bursyamoバシャーモ,3,0,52
258,Mudkip,Mizugorouミズゴロウ,3,0,342
259,Marshtomp,Numacrawヌマクロー,3,0,342
260,Swampert,Laglargeラグラージ,3,0,342
261,Poochyena,Pochienaポチエナ,3,0,46
262,Mightyena,Graenaグラエナ,3,0,46
263,Zigzagoon,Jiguzagumaジグザグマ,3,0,529
264,Linoone,Massugumaマッスグマ,3,0,421
265,Wurmple,Kemussoケムッソ,3,0,585
266,Silcoon,Karasalisカラサリス,3,0,104
267,Beautifly,Agehuntアゲハント,3,0,76
268,Cascoon,Mayuldマユルド,3,0,104
269,Dustox,Dokucaleドクケイル,3,0,382
270,Lotad,Hassbohハスボー,3,0,563
271,Lombre,Hasubreroハスブレロ,3,0,267
272,Ludicolo,Runpappaルンパッパ,3,0,80
273,Seedot,Tanebohタネボー,3,0,2
274,Nuzleaf,Konohanaコノハナ,3,0,575
275,Shiftry,Dirtengダーテング,3,0,569
276,Taillow,Subameスバメ,3,0,532
277,Swellow,Ohsubameオオスバメ,3,0,505
278,Wingull,Camomeキャモメ,3,0,447
279,Pelipper,Pelipperペリッパー,3,0,559
280,Ralts,Raltsラルトス,3,0,176
281,Kirlia,Kirliaキルリア,3,0,165
282,Gardevoir,Sirnightサーナイト,3,0,164
283,Surskit,Ametamaアメタマ,3,0,385
284,Masquerain,Amemothアメモース,3,0,171
285,Shroomish,Kinococoキノココ,3,0,345
286,Breloom,Kinogassaキノガッサ,3,0,345
287,Slakoth,Namakeroナマケロ,3,0,465
288,Vigoroth,Yarukimonoヤルキモノ,3,0,572
289,Slaking,Kekkingケッキング,3,0,286
290,Nincada,Tutininツチニン,3,0,536
291,Ninjask,Tekkaninテッカニン,3,0,352
292,Shedinja,Nukeninヌケニン,3,0,454
293,Whismur,Gonyonyoゴニョニョ,3,0,567
294,Loudred,Dogohmbドゴーム,3,0,43
295,Exploud,Bakuongバクオング,3,0,309
296,Makuhita,Makunoshitaマクノシタ,3,0,224
297,Hariyama,Hariteyamaハリテヤマ,3,0,10
298,Azurill,Ruririルリリ,3,0,384
299,Nosepass,Nosepassノズパス,3,0,110
300,Skitty,Enecoエネコ,3,0,276
301,Delcatty,Enekororoエネコロロ,3,0,390
302,Sableye,Yamiramiヤミラミ,3,0,128
303,Mawile,Kucheatクチート,3,0,130
304,Aron,Cokodoraココドラ,3,0,257
305,Lairon,Kodoraコドラ,3,0,257
306,Aggron,Bossgodoraボスゴドラ,3,0,257
307,Meditite,Asananアサナン,3,0,322
308,Medicham,Charemチャーレム,3,0,322
309,Electrike,Rakuraiラクライ,3,0,293
310,Manectric,Livoltライボルト,3,0,141
311,Plusle,Prasleプラスル,3,0,90
312,Minun,Minunマイナン,3,0,90
313,Volbeat,Barubeatバルビート,3,0,181
314,Illumise,Illumiseイルミーゼ,3,0,181
315,Roselia,Roseliaロゼリア,3,0,518
316,Gulpin,Gokulinゴクリン,3,0,496
317,Swalot,Marunoomマルノーム,3,0,379
318,Carvanha,Kibanhaキバニア,3,0,425
319,Sharpedo,Samehaderサメハダー,3,0,68
320,Wailmer,Hoerukoホエルコ,3,0,26
321,Wailord,Whalohホエルオー,3,0,189
322,Numel,Donmelドンメル,3,0,353
323,Camerupt,Bakuudaバクーダ,3,0,169
324,Torkoal,Cotoiseコータス,3,0,101
325,Spoink,Banebooバネブー,3,0,61
326,Grumpig,Boopigブーピッグ,3,0,317
327,Spinda,Patcheelパッチール,3,0,487
328,Trapinch,Nuckrarナックラー,3,0,5
329,Vibrava,Vibravaビブラーバ,3,0,554
330,Flygon,Flygonフライゴン,3,0,348
331,Cacnea,Saboneaサボネア,3,0,77
332,Cacturne,Noctusノクタス,3,0,428
333,Swablu,Tylttoチルット,3,0,115
334,Altaria,Tyltalisチルタリス,3,0,243
335,Zangoose,Zangooseザングース,3,0,82
336,Seviper,Habunakeハブネーク,3,0,175
337,Lunatone,Lunatoneルナトーン,3,0,329
338,Solrock,Solrockソルロック,3,0,329
339,Barboach,Dojoachドジョッチ,3,0,566
340,Whiscash,Namazunナマズン,3,0,566
341,Corphish,Heiganiヘイガニ,3,0,420
342,Crawdaunt,Shizarigerシザリガー,3,0,415
343,Baltoy,Yajilonヤジロン,3,0,99
344,Claydol,Nendollネンドール,3,0,99
345,Lileep,Lilylaリリーラ,3,0,441
346,Cradily,Yuradleユレイドル,3,0,28
347,Anorith,Anopthアノプス,3,0,357
348,Armaldo,Armaldoアーマルド,3,0,375
349,Feebas,Hinbassヒンバス,3,0,183
350,Milotic,Milokarossミロカロス,3,0,515
351,Castform,Powalenポワルン,3,0,564
352,Kecleon,Kakureonカクレオン,3,0,107
353,Shuppet,Kagebouzuカゲボウズ,3,0,398
354,Banette,Juppetaジュペッタ,3,0,320
355,Duskull,Yomawaruヨマワル,3,0,405
356,Dusclops,Samayouruサマヨール,3,0,35
357,Tropius,Tropiusトロピウス,3,0,206
358,Chimecho,Chireanチリーン,3,0,576
359,Absol,Absolアブソル,3,0,140
360,Wynaut,Sohnanoソーナノ,3,0,65
361,Snorunt,Yukiwarashiユキワラシ,3,0,471
362,Glalie,Onigohriオニゴーリ,3,0,172
363,Spheal,Tamazarashiタマザラシ,3,0,97
364,Sealeo,Todogglerトドグラー,3,0,25
365,Walrein,Todoserugaトドゼルガ,3,0,245
366,Clamperl,Pearluluパールル,3,0,47
367,Huntail,Huntailハンテール,3,0,132
368,Gorebyss,Sakurabyssサクラビス,3,0,477
369,Relicanth,Glanthジーランス,3,0,307
370,Luvdisc,Lovecusラブカス,3,0,403
371,Bagon,Tatsubayタツベイ,3,0,409
372,Shelgon,Komoruuコモルー,3,0,167
373,Salamence,Bohmanderボーマンダ,3,0,148
374,Beldum,Dumbberダンバル,3,0,258
375,Metang,Metangメタング,3,0,259
376,Metagross,Metagrossメタグロス,3,0,260
377,Regirock,Regirockレジロック,3,1,411
378,Regice,Regiceレジアイス,3,1,247
379,Registeel,Registeelレジスチル,3,1,261
380,Latias,Latiasラティアス,3,1,168
381,Latios,Latiosラティオス,3,1,168
382,Kyogre,Kyogreカイオーガ,3,1,437
383,Groudon,Groudonグラードン,3,1,113
384,Rayquaza,Rayquazaレックウザ,3,1,463
385,Jirachi,Jirachiジラーチ,3,1,579
386,Deoxys,Deoxysデオキシス,3,1,125
387,Turtwig,Naetleナエトル,4,0,526
388,Grotle,Hayashigameハヤシガメ,4,0,223
389,Torterra,Dodaitoseドダイトス,4,0,113
390,Chimchar,Hikozaruヒコザル,4,0,94
391,Monferno,Moukazaruモウカザル,4,0,376
392,Infernape,Goukazaruゴウカザル,4,0,187
393,Piplup,Pochamaポッチャマ,4,0,367
394,Prinplup,Pottaishiポッタイシ,4,0,367
395,Empoleon,Emperteエンペルト,4,0,166
396,Starly,Mukkuruムックル,4,0,493
397,Staravia,Mukubirdムクバード,4,0,493
398,Staraptor,Mukuhawkムクホーク,4,0,389
399,Bidoof,Bippaビッパ,4,0,378
400,Bibarel,Beadaruビーダル,4,0,34
401,Kricketot,Korobohshiコロボーシ,4,0,120
402,Kricketune,Korotockコロトック,4,0,120
403,Shinx,Kolinkコリンク,4,0,188
404,Luxio,Luxioルクシオ,4,0,478
405,Luxray,Rentorarレントラー,4,0,213
406,Budew,Subomieスボミー,4,0,72
407,Roserade,Roseradeロズレイド,4,0,63
408,Cranidos,Zugaidosズガイドス,4,0,230
409,Rampardos,Rampaldラムパルド,4,0,230
410,Shieldon,Tatetopsタテトプス,4,0,458
411,Bastiodon,Toridepsトリデプス,4,0,458
412,Burmy,Minomucchiミノムッチ,4,0,23
413,Wormadam,Minomadam (kusaki No Mino)ミノマダム,4,0,23
414,Mothim,Gamaleガーメイル,4,0,339
415,Combee,Mitsuhoneyミツハニー,4,0,524
416,Vespiquen,Beequenビークイン,4,0,37
417,Pachirisu,Pachirisuパチリス,4,0,159
418,Buizel,Buoyselブイゼル,4,0,445
419,Floatzel,Floazelフローゼル,4,0,445
420,Cherubi,Cherinboチェリンボ,4,0,91
421,Cherrim,Cherrimチェリム,4,0,56
422,Shellos,Karanakushiカラナクシ,4,0,444
423,Gastrodon,Tritodonトリトドン,4,0,444
424,Ambipom,Etebothエテボース,4,0,306
425,Drifloon,Fuwanteフワンテ,4,0,27
426,Drifblim,Fuwarideフワライド,4,0,54
427,Buneary,Mimirolミミロル,4,0,400
428,Lopunny,Mimilopミミロップ,4,0,400
429,Mismagius,Mumargiムウマージ,4,0,314
430,Honchkrow,Dongkarasuドンカラス,4,0,39
431,Glameow,Nyarmarニャルマー,4,0,83
432,Purugly,Bunyattoブニャット,4,0,522
433,Chingling,Lisyanリーシャン,4,0,38
434,Stunky,Skunpuuスカンプー,4,0,462
435,Skuntank,Skutankスカタンク,4,0,462
436,Bronzor,Dohmirrorドーミラー,4,0,67
437,Bronzong,Dohtakunドータクン,4,0,66
438,Bonsly,Usohachiウソハチ,4,0,60
439,Mime Jr.,Maneneマネネ,4,0,331
440,Happiny,Pinpukuピンプク,4,0,377
441,Chatot,Perapペラップ,4,0,346
442,Spiritomb,Mikarugeミカルゲ,4,0,195
443,Gible,Fukamaruフカマル,4,0,279
444,Gabite,Gabiteガバイト,4,0,85
445,Garchomp,Gaburiasガブリアス,4,0,313
446,Munchlax,Gonbeゴンベ,4,0,40
447,Riolu,Rioluリオル,4,0,162
448,Lucario,Lucarioルカリオ,4,0,18
449,Hippopotas,Hippopotasヒポポタス,4,0,238
450,Hippowdon,Kabaldonカバルドン,4,0,232
451,Skorupi,Scorupiスコルピ,4,0,432
452,Drapion,Dorapionドラピオン,4,0,356
453,Croagunk,Gureggruグレッグル,4,0,535
454,Toxicroak,Dokurogドクロッグ,4,0,535
455,Carnivine,Muskippaマスキッパ,4,0,73
456,Finneon,Keikouoケイコウオ,4,0,578
457,Lumineon,Neolantネオラント,4,0,350
458,Mantyke,Tamantaタマンタ,4,0,275
459,Snover,Yukikaburiユキカブリ,4,0,205
460,Abomasnow,Yukinoohユキノオー,4,0,205
461,Weavile,Manyulaマニューラ,4,0,453
462,Magnezone,Jibacoilジバコイル,4,0,315
463,Lickilicky,Berobeltベロベルト,4,0,290
464,Rhyperior,Dosidonドサイドン,4,0,151
465,Tangrowth,Mojumboモジャンボ,4,0,556
466,Electivire,Elekibleエレキブル,4,0,521
467,Magmortar,Booburnブーバーン,4,0,50
468,Togekiss,Togekissトゲキッス,4,0,268
469,Yanmega,Megayanmaメガヤンマ,4,0,355
470,Leafeon,Leafiaリーフィア,4,0,553
471,Glaceon,Glaciaグレイシア,4,0,203
472,Gliscor,Glionグライオン,4,0,174
473,Mamoswine,Mammooマンムー,4,0,549
474,Porygon-Z,Porygon-zポリゴンＺ,4,0,557
475,Gallade,Erureidoエルレイド,4,0,48
476,Probopass,Dainoseダイノーズ,4,0,110
477,Dusknoir,Yonoirヨノワール,4,0,222
478,Froslass,Yukimenokoユキメノコ,4,0,472
479,Rotom,Rotomロトム,4,0,374
480,Uxie,Yuxieユクシー,4,1,277
481,Mesprit,Emritエムリット,4,1,165
482,Azelf,Agnomeアグノム,4,1,574
483,Dialga,Dialgaディアルガ,4,1,514
484,Palkia,Palkiaパルキア,4,1,479
485,Heatran,Heatranヒードラン,4,1,284
486,Regigigas,Regigigasレジギガス,4,1,108
487,Giratina,Giratina (another Forme)ギラティナ,4,1,404
488,Cresselia,Cresseliaクレセリア,4,1,311
489,Phione,Phioneフィオネ,4,0,440
490,Manaphy,Manaphyマナフィ,4,1,446
491,Darkrai,Darkraiダークライ,4,1,372
492,Shaymin,Shaymin (sky Forme)シェイミ,4,1,221
493,Arceus,Arceusアルセウス,4,1,3
494,Victini,Victiniビクティニ,5,1,555
495,Snivy,Tsutarjaツタージャ,5,0,219
496,Servine,Janovyジャノビー,5,0,219
497,Serperior,Jalordaジャローダ,5,0,402
498,Tepig,Pokabuポカブ,5,0,180
499,Pignite,Chaobooチャオブー,5,0,180
500,Emboar,Enbuohエンブオー,5,0,323
501,Oshawott,Mijumaruミジュマル,5,0,443
502,Dewott,Futachimaruフタチマル,5,0,142
503,Samurott,Daikenkiダイケンキ,5,0,197
504,Patrat,Minezumiミネズミ,5,0,433
505,Watchog,Miruhogミルホッグ,5,0,308
506,Lillipup,Yorterrieヨーテリー,5,0,399
507,Herdier,Herderrieハーデリア,5,0,310
508,Stoutland,Moolandムーランド,5,0,44
509,Purrloin,Choronekoチョロネコ,5,0,137
510,Liepard,Lepardasレパルダス,5,0,121
511,Pansage,Yanappuヤナップ,5,0,217
512,Simisage,Yanakkieヤナッキー,5,0,516
513,Pansear,Baoppuバオップ,5,0,237
514,Simisear,Baokkieバオッキー,5,0,163
515,Panpour,Hiyappuヒヤップ,5,0,488
516,Simipour,Hiyakkieヒヤッキー,5,0,212
517,Munna,Munnaムンナ,5,0,150
518,Musharna,Musharnaムシャーナ,5,0,152
519,Pidove,Mamepatoマメパト,5,0,528
520,Tranquill,Hatobohハトーボー,5,0,573
521,Unfezant,Kenhallowケンホロウ,5,0,394
522,Blitzle,Shimamaシママ,5,0,161
523,Zebstrika,Zebraikaゼブライカ,5,0,521
524,Roggenrola,Dangoroダンゴロ,5,0,319
525,Boldore,Gantleガントル,5,0,359
526,Gigalith,Gigaiathギガイアス,5,0,111
527,Woobat,Koromoriコロモリ,5,0,31
528,Swoobat,Kokoromoriココロモリ,5,0,119
529,Drilbur,Mogurewモグリュー,5,0,336
530,Excadrill,Doryuzuドリュウズ,5,0,501
531,Audino,Tabunneタブンネ,5,0,231
532,Timburr,Dokkorerドッコラー,5,0,344
533,Gurdurr,Dotekkotsuドテッコツ,5,0,344
534,Conkeldurr,Roubushinローブシン,5,0,344
535,Tympole,Otamaroオタマロ,5,0,512
536,Palpitoad,Gamagaruガマガル,5,0,554
537,Seismitoad,Gamagerogeガマゲロゲ,5,0,554
538,Throh,Nagekiナゲキ,5,0,269
539,Sawk,Dagekiダゲキ,5,0,271
540,Sewaddle,Kurumiruクルミル,5,0,450
541,Swadloon,Kurumayuクルマユ,5,0,288
542,Leavanny,Hahakomoriハハコモリ,5,0,354
543,Venipede,Fushideフシデ,5,0,88
544,Whirlipede,Wheegaホイーガ,5,0,123
545,Scolipede,Pendrorペンドラー,5,0,324
546,Cottonee,Monmenモンメン,5,0,117
547,Whimsicott,Elfuunエルフーン,5,0,577
548,Petilil,Churineチュリネ,5,0,75
549,Lilligant,Dredearドレディア,5,0,192
550,Basculin,Bassraoバスラオ,5,0,240
551,Sandile,Megurocoメグロコ,5,0,134
552,Krokorok,Waruvileワルビル,5,0,134
553,Krookodile,Waruvialワルビアル,5,0,254
554,Darumaka,Darumakkaダルマッカ,5,0,588
555,Darmanitan,Hihidarumaヒヒダルマ,5,0,53
556,Maractus,Maracacchiマラカッチ,5,0,77
557,Dwebble,Ishizumaiイシズマイ,5,0,410
558,Crustle,Iwapalaceイワパレス,5,0,497
559,Scraggy,Zurugguズルッグ,5,0,455
560,Scrafty,Zuruzukinズルズキン,5,0,239
561,Sigilyph,Symbolerシンボラー,5,0,21
562,Yamask,Desumasuデスマス,5,0,485
563,Cofagrigus,Desukarnデスカーン,5,0,105
564,Tirtouga,Protogaプロトーガ,5,0,393
565,Carracosta,Abagouraアバゴーラ,5,0,393
566,Archen,Archenアーケン,5,0,182
567,Archeops,Archeosアーケオス,5,0,182
568,Trubbish,Yabukuronヤブクロン,5,0,540
569,Garbodor,Dustdasダストダス,5,0,541
570,Zorua,Zoruaゾロア,5,0,542
571,Zoroark,Zoroarkゾロアーク,5,0,250
572,Minccino,Chillarmyチラーミィ,5,0,95
573,Cinccino,Chillaccinoチラチーノ,5,0,429
574,Gothita,Gothimuゴチム,5,0,185
575,Gothorita,Gothimiruゴチミル,5,0,317
576,Gothitelle,Gothiruselleゴチルゼル,5,0,15
577,Solosis,Uniranユニラン,5,0,87
578,Duosion,Doublanダブラン,5,0,333
579,Reuniclus,Lanculusランクルス,5,0,343
580,Ducklett,Koaruhieコアルヒー,5,0,559
581,Swanna,Swannaスワンナ,5,0,568
582,Vanillite,Vanipetiバニプッチ,5,0,203
583,Vanillish,Vanirichバニリッチ,5,0,248
584,Vanilluxe,Baivanillaバイバニラ,5,0,473
585,Deerling,Shikijikaシキジカ,5,0,448
586,Sawsbuck,Mebukijikaメブキジカ,5,0,448
587,Emolga,Emongaエモンガ,5,0,464
588,Karrablast,Kaburumoカブルモ,5,0,96
589,Escavalier,Chevargoシュバルゴ,5,0,84
590,Foongus,Tamagetakeタマゲタケ,5,0,345
591,Amoonguss,Morobareruモロバレル,5,0,345
592,Frillish,Pururillプルリル,5,0,190
593,Jellicent,Burungelブルンゲル,5,0,190
594,Alomomola,Mamanbouママンボウ,5,0,81
595,Joltik,Bachuruバチュル,5,0,17
596,Galvantula,Dentulaデンチュラ,5,0,158
597,Ferroseed,Tesseedテッシード,5,0,519
598,Ferrothorn,Nutreyナットレイ,5,0,517
599,Klink,Giaruギアル,5,0,209
600,Klang,Gigiaruギギアル,5,0,209
601,Klinklang,Gigigiaruギギギアル,5,0,209
602,Tynamo,Shibishirasuシビシラス,5,0,157
603,Eelektrik,Shibibeelシビビール,5,0,157
604,Eelektross,Shibirudonシビルドン,5,0,157
605,Elgyem,Ligrayリグレー,5,0,89
606,Beheeyem,Ohbemオーベム,5,0,89
607,Litwick,Hitomoshiヒトモシ,5,0,78
608,Lampent,Lamplerランプラー,5,0,278
609,Chandelure,Chandelaシャンデラ,5,0,312
610,Axew,Kibagoキバゴ,5,0,547
611,Fraxure,Onondoオノンド,5,0,22
612,Haxorus,Ononokusオノノクス,5,0,22
613,Cubchoo,Kumasyunクマシュン,5,0,93
614,Beartic,Tunbearツンベアー,5,0,202
615,Cryogonal,Freegeoフリージオ,5,0,122
616,Shelmet,Chobomakiチョボマキ,5,0,469
617,Accelgor,Agilderアギルダー,5,0,456
618,Stunfisk,Maggyoマッギョ,5,0,539
619,Mienfoo,Kojofuコジョフー,5,0,321
620,Mienshao,Kojondoコジョンド,5,0,321
621,Druddigon,Crimganクリムガン,5,0,85
622,Golett,Gobitゴビット,5,0,20
623,Golurk,Goloogゴルーグ,5,0,20
624,Pawniard,Komatanaコマタナ,5,0,452
625,Bisharp,Kirikizanキリキザン,5,0,508
626,Bouffalant,Buffronバッフロン,5,0,30
627,Rufflet,Washibonワシボン,5,0,154
628,Braviary,Warrgleウォーグル,5,0,551
629,Vullaby,Valchaiバルチャイ,5,0,138
630,Mandibuzz,Vulginaバルジーナ,5,0,59
631,Heatmor,Kuitaranクイタラン,5,0,6
632,Durant,Aiantアイアント,5,0,256
633,Deino,Monozuモノズ,5,0,255
634,Zweilous,Diheadジヘッド,5,0,240
635,Hydreigon,Sazandoraサザンドラ,5,0,68
636,Larvesta,Merlarvaメラルバ,5,0,533
637,Volcarona,Ulgamothウルガモス,5,0,502
638,Cobalion,Cobalonコバルオン,5,1,263
639,Terrakion,Terrakionテラキオン,5,1,86
640,Virizion,Virizionビリジオン,5,1,220
641,Tornadus,Tornelos (keshin Forme)トルネロス,5,1,124
642,Thundurus,Voltolos (keshin Forme)ボルトロス,5,1,57
643,Reshiram,Reshiramレシラム,5,1,552
644,Zekrom,Zekromゼクロム,5,1,131
645,Landorus,Landlos (keshin Forme)ランドロス,5,1,1
646,Kyurem,Kyuremキュレム,5,1,62
647,Keldeo,Keldeo (itsumo No Sugata)ケルディオ,5,1,109
648,Meloetta,Meloetta (step Forme)メロエッタ,5,1,326
649,Genesect,Genesectゲノセクト,5,1,363
650,Chespin,Harimaronハリマロン,6,0,482
651,Quilladin,Hariborgハリボーグ,6,0,483
652,Chesnaught,Brigarronブリガロン,6,0,483
653,Fennekin,Fokkoフォッコ,6,0,199
654,Braixen,Tairenarテールナー,6,0,199
655,Delphox,Mahoxyマフォクシー,6,0,199
656,Froakie,Keromatsuケロマツ,6,0,70
657,Frogadier,Gekogashiraゲコガシラ,6,0,70
658,Greninja,Gekkougaゲッコウガ,6,0,352
659,Bunnelby,Horubeeホルビー,6,0,139
660,Diggersby,Horudoホルード,6,0,139
661,Fletchling,Yayakomaヤヤコマ,6,0,530
662,Fletchinder,Hinoyakomaヒノヤコマ,6,0,163
663,Talonflame,Fiarrowファイアロー,6,0,431
664,Scatterbug,Kofukimushiコフキムシ,6,0,430
665,Spewpa,Kofuuraiコフーライ,6,0,430
666,Vivillon,Viviyonビビヨン,6,0,426
667,Litleo,Shishikoシシコ,6,0,294
668,Pyroar,Kaenjishiカエンジシ,6,0,418
669,Flabébé,Flabebeフラベベ,6,0,460
670,Floette,Floetteフラエッテ,6,0,173
671,Florges,Florgesフラージェス,6,0,207
672,Skiddo,Meecleメェークル,6,0,340
673,Gogoat,Gogoatゴーゴート,6,0,340
674,Pancham,Yanchamヤンチャム,6,0,376
675,Pangoro,Gorondaゴロンダ,6,0,129
676,Furfrou,Trimmienトリミアン,6,0,386
677,Espurr,Nyasperニャスパー,6,0,406
678,Meowstic,Nyaonixニャオニクス,6,0,112
679,Honedge,Hitotsukiヒトツキ,6,0,509
680,Doublade,Nidangillニダンギル,6,0,509
681,Aegislash,Gillgardギルガルド,6,0,419
682,Spritzee,Shushupuシュシュプ,6,0,368
683,Aromatisse,Frefuwanフレフワン,6,0,200
684,Swirlix,Peroppafuペロッパフ,6,0,116
685,Slurpuff,Peroreamペロリーム,6,0,327
686,Inkay,Maaiikaマーイーカ,6,0,407
687,Malamar,Calamaneroカラマネロ,6,0,360
688,Binacle,Kameteteカメテテ,6,0,550
689,Barbaracle,Gamenodesガメノデス,6,0,106
690,Skrelp,Kuzumoクズモー,6,0,334
691,Dragalge,Dramidoroドラミドロ,6,0,334
692,Clauncher,Udeppouウデッポウ,6,0,562
693,Clawitzer,Blosterブロスター,6,0,241
694,Helioptile,Erikiteruエリキテル,6,0,210
695,Heliolisk,Elezardエレザード,6,0,210
696,Tyrunt,Chigorasチゴラス,6,0,417
697,Tyrantrum,Gachigorasガチゴラス,6,0,135
698,Amaura,Amarusアマルス,6,0,544
699,Aurorus,Amarurugaアマルルガ,6,0,544
700,Sylveon,Nymphiaニンフィア,6,0,253
701,Hawlucha,Luchabullルチャブル,6,0,586
702,Dedenne,Dedenneデデンネ,6,0,7
703,Carbink,Melecieメレシー,6,0,266
704,Goomy,Numeraヌメラ,6,0,474
705,Sliggoo,Numeilヌメイル,6,0,474
706,Goodra,Numelgonヌメルゴン,6,0,148
707,Klefki,Cleffyクレッフィ,6,0,272
708,Phantump,Bokureiボクレー,6,0,500
709,Trevenant,Ohrotオーロット,6,0,156
710,Pumpkaboo,Bakecchaバケッチャ,6,0,396
711,Gourgeist,Pumpjinパンプジン,6,0,396
712,Bergmite,Kachikohruカチコール,6,0,246
713,Avalugg,Crebaseクレベース,6,0,247
714,Noibat,Onbatオンバット,6,0,476
715,Noivern,Onvernオンバーン,6,0,476
716,Xerneas,Xerneasゼルネアス,6,1,291
717,Yveltal,Yveltalイベルタル,6,1,136
718,Zygarde,Zygarde (10% Forme)ジガルデ,6,1,358
719,Diancie,Diancieディアンシー,6,1,266
720,Hoopa,Hoopa (imashimerareshi Hoopa)フーパ,6,1,332
721,Volcanion,Volcanionボルケニオン,6,1,495
722,Rowlet,Mokurohモクロー,7,0,218
723,Dartrix,Fukuthrowフクスロー,7,0,49
724,Decidueye,Junaiperジュナイパー,7,0,13
725,Litten,Nyabbyニャビー,7,0,177
726,Torracat,Nyaheatニャヒート,7,0,177
727,Incineroar,Gaogaenガオガエン,7,0,233
728,Popplio,Ashimariアシマリ,7,0,442
729,Brionne,Osyamariオシャマリ,7,0,387
730,Primarina,Ashireneアシレーヌ,7,0,475
731,Pikipek,Tsutsukeraツツケラ,7,0,582
732,Trumbeak,Kerarappaケララッパ,7,0,74
733,Toucannon,Dodekabashiドデカバシ,7,0,79
734,Yungoos,Youngooseヤングース,7,0,300
735,Gumshoos,Dekagooseデカグース,7,0,491
736,Grubbin,Agojimushiアゴジムシ,7,0,282
737,Charjabug,Dendimushiデンヂムシ,7,0,32
738,Vikavolt,Kuwagannonクワガノン,7,0,489
739,Crabrawler,Makenkaniマケンカニ,7,0,64
740,Crabominable,Kekenkaniケケンカニ,7,0,584
741,Oricorio,Odoridori (pachipachi Style)オドリドリ,7,0,126
742,Cutiefly,Abulyアブリー,7,0,36
743,Ribombee,Aburibbonアブリボン,7,0,36
744,Rockruff,Iwankoイワンコ,7,0,399
745,Lycanroc,Lugarugan (mahiru No Sugata)ルガルガン,7,0,580
746,Wishiwashi,Yowashi (tandoku No Sugata)ヨワシ,7,0,468
747,Mareanie,Hidoideヒドイデ,7,0,69
748,Toxapex,Dohidoideドヒドイデ,7,0,69
749,Mudbray,Dorobankoドロバンコ,7,0,145
750,Mudsdale,Banbadoroバンバドロ,7,0,147
751,Dewpider,Shizukumoシズクモ,7,0,560
752,Araquanid,Onishizukumoオニシズクモ,7,0,560
753,Fomantis,Karikiriカリキリ,7,0,459
754,Lurantis,Lalantesラランテス,7,0,55
755,Morelull,Nemasyuネマシュ,7,0,249
756,Shiinotic,Mashadeマシェード,7,0,249
757,Salandit,Yatoumoriヤトウモリ,7,0,534
758,Salazzle,Ennewtエンニュート,7,0,534
759,Stufful,Nuikogumaヌイコグマ,7,0,186
760,Bewear,Kiterugumaキテルグマ,7,0,499
761,Bounsweet,Amakajiアマカジ,7,0,206
762,Steenee,Amamaikoアママイコ,7,0,206
763,Tsareena,Amajoアマージョ,7,0,206
764,Comfey,Cuwawaキュワワー,7,0,388
765,Oranguru,Yareyuutanヤレユータン,7,0,422
766,Passimian,Nagetukesaruナゲツケサル,7,0,513
767,Wimpod,Kosokumushiコソクムシ,7,0,545
768,Golisopod,Gusokumushaグソクムシャ,7,0,228
769,Sandygast,Sunabaスナバァ,7,0,424
770,Palossand,Sirodethnaシロデスナ,7,0,423
771,Pyukumuku,Namakobushiナマコブシ,7,0,439
772,Type: Null,Type: Nullタイプ：ヌル,7,0,511
773,Silvally,Silvadyシルヴァディ,7,0,511
774,Minior,Metenoメテノ,7,0,328
775,Komala,Nekkoaraネッコアラ,7,0,152
776,Turtonator,Bakugamesバクガメス,7,0,51
777,Togedemaru,Togedemaruトゲデマル,7,0,416
778,Mimikyu,Mimikkyuミミッキュ,7,0,143
779,Bruxish,Hagigishiriハギギシリ,7,0,215
780,Drampa,Jijilongジジーロン,7,0,373
781,Dhelmise,Dadarinダダリン,7,0,438
782,Jangmo-o,Jyarakoジャラコ,7,0,427
783,Hakamo-o,Jyarangoジャランゴ,7,0,427
784,Kommo-o,Jyararangaジャラランガ,7,0,427
785,Tapu Koko,Kapu-kokekoカプ・コケコ,7,1,281
786,Tapu Lele,Kapu-tetefuカプ・テテフ,7,1,281
787,Tapu Bulu,Kapu-bululカプ・ブルル,7,1,281
788,Tapu Fini,Kapu-rehireカプ・レヒレ,7,1,281
789,Cosmog,Cosmogコスモッグ,7,1,349
790,Cosmoem,Cosmovumコスモウム,7,1,392
791,Solgaleo,Solgaleoソルガレオ,7,1,503
792,Lunala,Lunalaルナアーラ,7,1,337
793,Nihilego,Uturoidウツロイド,7,1,364
794,Buzzwole,Massivoonマッシブーン,7,1,507
795,Pheromosa,Pheroacheフェローチェ,7,1,295
796,Xurkitree,Denjyumokuデンジュモク,7,1,214
797,Celesteela,Tekkaguyaテッカグヤ,7,1,283
798,Kartana,Kamiturugiカミツルギ,7,1,149
799,Guzzlord,Akuzikingアクジキング,7,1,270
800,Necrozma,Necrozmaネクロズマ,7,1,391
801,Magearna,Magearnaマギアナ,7,1,14
